<?xml version="1.0" encoding="UTF-8"?>
<beans xmlns="http://www.springframework.org/schema/beans"
	xmlns:xsi="http://www.w3.org/2001/XMLSchema-instance"
	xmlns:aop="http://www.springframework.org/schema/aop"
	xmlns:tx="http://www.springframework.org/schema/tx"
	xsi:schemaLocation="http://www.springframework.org/schema/beans http://www.springframework.org/schema/beans/spring-beans-3.1.xsd
		http://www.springframework.org/schema/aop http://www.springframework.org/schema/aop/spring-aop-3.1.xsd
		http://www.springframework.org/schema/tx http://www.springframework.org/schema/tx/spring-tx-3.1.xsd">

	<!-- DB POOl -->
	<bean id="dataSource"
		class="org.apache.commons.dbcp.BasicDataSource" destroy-method="close">
		<property name="driverClassName"
			value="oracle.jdbc.driver.OracleDriver"></property>
		<property name="url"
			value="jdbc:oracle:thin:@localhost:1521:xe"></property>
		<property name="username" value="mvc"></property>
		<property name="password" value="1234"></property>
		<property name="maxActive" value="30"></property>
		<property name="maxIdle" value="20"></property>
		<property name="maxWait" value="2000"></property>
	</bean>

	<!-- MyBatis -->

	<!-- DefaultSqlSessionFactoryBean -->
	<bean id="sqlSessionFactory"
		class="org.mybatis.spring.SqlSessionFactoryBean">
		<property name="dataSource">
			<ref bean="dataSource" />
		</property>
		<property name="mapperLocations">
			<list>
				<value>classpath:com/java/guest/mapper/GuestMapper.xml</value>
			</list>
		</property>
	</bean>

	<!-- Convert DefaultSqlSessionFactoryBean to SqlSessionTemplate -->
	<bean id="sqlSessionTemplate"
		class="org.mybatis.spring.SqlSessionTemplate">
		<constructor-arg>
			<ref bean="sqlSessionFactory" />
		</constructor-arg>
	</bean>

	<!-- Transation -->
	<bean id="transactionManager"
		class="org.springframework.jdbc.datasource.DataSourceTransactionManager">
		<property name="dataSource" ref="dataSource"></property>
	</bean>

	<tx:advice id="txAdvice"
		transaction-manager="transactionManager">
		<tx:attributes>
			<tx:method name="*" propagation="REQUIRED"
				rollback-for="
				Exception"></tx:method>
		</tx:attributes>
	</tx:advice>

	<aop:config>
		<aop:pointcut expression="within(com.java..*)" id="pT" />
		<aop:advisor advice-ref="txAdvice" pointcut-ref="pT" />
	</aop:config>

</beans>
